-29,2.00E+01,,,-22.33
,,,,-25.02
,,,,-22.15
,,,,-24.51
,,,,-21.9
,,,,-24.44
,,,,-21.87
,,,,-24.42
,,,,-24.65
,,,,-21.81
,,,,-27.28
,,,,-24.28
,,,,-25.92
,,,,-27.05
,,,,-26.14
,,,,-24.32
,,,,-21.78
,,,,-23.43
,,,,-24.15
,,,,-24.19
,,,,-26.98
,,,,-21.72
,,,,-22.45
,,,,-26.4
,,,,-26.39
,,,,-24.25
,,,,-25.87
,,,,-26.9
,,,,-25.97
,,,,-21.55
,,,,-24.12
,,,,-26.45
,,,,-23.26
,,,,-24.49
,,,,-21.42
,,,,-24.05
,,,,-20.43
,,,,-27.2
,,,,-23.29
,,,,-24.12
,,,,-25.63
,,,,-26.39
,,,,-25.72
,,,,-26.23
,,,,-25.97
,,,,-21.57
,,,,-24.75
,,,,-23.19
,,,,-21.32
,,,,-26.18
,,,,-23.97
,,,,-26.02
,,,,-23.97
,,,,-25.42
,,,,-24.77
,,,,-26.24
,,,,-21.25
,,,,-23.16
,,,,-25.88
,,,,-24.07
,,,,-23.06
,,,,-25
,,,,-26.04
,,,,-25.72
,,,,-23.88
,,,,-21.04
,,,,-25.88
,,,,-24.55
,,,,-21.02
,,,,-25.4
,,,,-23.91
,,,,-20.39
,,,,-26.64
,,,,-25.95
,,,,-22.85
,,,,-25.84
,,,,-25.33
,,,,-25.65
,,,,-23.63
,,,,-27.32
,,,,-26.04
,,,,-24.36
,,,,-25.69
,,,,-22.85
,,,,-21.02
,,,,-23.98
,,,,-25.75
,,,,-24.98
,,,,-23.91
,,,,-22.76
,,,,-20.91
,,,,-25.95
,,,,-24.77
,,,,-23.36
,,,,-25.37
,,,,-26.04
,,,,-20.88
,,,,-25.66
,,,,-24.56
,,,,-20.39
,,,,-26.62
,,,,-22.7
,,,,-25.33
,,,,-24.71
,,,,-23.74
,,,,-22.65
,,,,-25.72
,,,,-20.6
,,,,-25.78
,,,,-24.19
,,,,-23.74
,,,,-25.04
,,,,-23.11
,,,,-25.89
,,,,-24.53
,,,,-20.68
,,,,-22.45
,,,,-23.18
,,,,-25.07
,,,,-24.55
,,,,-23.67
,,,,-27.26
,,,,-24.82
,,,,-23.37
,,,,-25.3
,,,,-24.51
,,,,-25.75
,,,,-25.69
,,,,-25.89
,,,,-24.99
,,,,-22.45
,,,,-19.69
,,,,-20.35
,,,,-26.59
,,,,-22.98
,,,,-20.62
,,,,-23
,,,,-22.38
,,,,-23.7
,,,,-23.66
,,,,-24.24
,,,,-24.15
,,,,-24.45
,,,,-23.58
,,,,-24.78
,,,,-25.89
,,,,-25.11
,,,,-24.92
,,,,-22.23
,,,,-25.71
,,,,-25.48
,,,,-20.62
,,,,-19.15
,,,,-24.49
,,,,-24.5
,,,,-22.86
,,,,-22.12
,,,,-24.45
,,,,-24.76
,,,,-23.54
,,,,-20.29
,,,,-23.52
,,,,-26.57
,,,,-27.09
,,,,-20.04
,,,,-25.73
,,,,-24.54
,,,,-22.15
,,,,-23.89
,,,,-24.87
,,,,-24.95
,,,,-25.59
,,,,-23.91
,,,,-25.08
,,,,-20.59
,,,,-25.41
,,,,-18.81
,,,,-24.29
,,,,-23.5
,,,,-25.73
,,,,-22.86
,,,,-22.78
,,,,-22.01
,,,,-22.1
,,,,-24.44
,,,,-23.52
,,,,-24.4
,,,,-24.8
,,,,-23.05
,,,,-20.29
,,,,-26.54
,,,,-25.41
,,,,-24.45
,,,,-24.69
,,,,-23.89
,,,,-25.28
,,,,-25.56
,,,,-27.09
,,,,-22.83
,,,,-25.02
,,,,-24.26
,,,,-20.53
,,,,-22.46
,,,,-23.37
,,,,-18.21
,,,,-22.75
,,,,-25.38
,,,,-22.07
,,,,-23.83
,,,,-24.66
,,,,-22.77
,,,,-24.4
,,,,-21.88
,,,,-23.48
,,,,-24.37
,,,,-25.56
,,,,-25.29
,,,,-24.1
,,,,-22.03
,,,,-23.33
,,,,-20.21
,,,,-26.43
,,,,-23.6
,,,,-24.87
,,,,-20.31
,,,,-17.47
,,,,-25.31
,,,,-24.64
,,,,-24.58
,,,,-22.44
,,,,-20
,,,,-24.38
,,,,-25.41
,,,,-26.8
,,,,-24.33
,,,,-24.79
,,,,-23.79
,,,,-23.31
,,,,-21.85
,,,,-21.83
,,,,-25.26
,,,,-22.7
,,,,-23.94
,,,,-24.08
,,,,-23.3
,,,,-22.98
,,,,-25.41
,,,,-17.23
,,,,-24.27
,,,,-23.38
,,,,-24.52
,,,,-22.42
,,,,-19.79
,,,,-20.21
,,,,-26.35
,,,,-25.23
,,,,-22.73
,,,,-24.18
,,,,-21.81
,,,,-24.38
,,,,-23.88
,,,,-23.31
,,,,-26.73
,,,,-25.17
,,,,-25.41
,,,,-23.12
,,,,-24.29
,,,,-23.69
,,,,-21.81
,,,,-23.77
,,,,-22.34
,,,,-24.81
,,,,-24.46
,,,,-17.16
,,,,-22.63
,,,,-24.05
,,,,-21.67
,,,,-23.14
,,,,-24.15
,,,,-22.4
,,,,-25.18
,,,,-25.24
,,,,-19.59
,,,,-20.14
,,,,-26.28
,,,,-19.94
,,,,-23.74
,,,,-24.68
,,,,-22.53
,,,,-23.25
,,,,-23.12
,,,,-25.14
,,,,-24.32
,,,,-23.75
,,,,-26.71
,,,,-24.29
,,,,-21.55
,,,,-23.73
,,,,-21.78
,,,,-23.65
,,,,-17.16
,,,,-25.24
,,,,-22.38
,,,,-24.18
,,,,-22.8
,,,,-18.88
,,,,-24.12
,,,,-23.84
,,,,-22.65
,,,,-23.14
,,,,-23.62
,,,,-25.14
,,,,-22.56
,,,,-22.34
,,,,-23
,,,,-20.1
,,,,-23.13
,,,,-26.11
,,,,-19.14
,,,,-25.06
,,,,-25.24
,,,,-21.52
,,,,-24.27
,,,,-17.97
,,,,-24.32
,,,,-23.62
,,,,-17.12
,,,,-26.17
,,,,-24.08
,,,,-23.6
,,,,-21.74
,,,,-19.94
,,,,-23.67
,,,,-24.65
,,,,-24.7
,,,,-23.48
,,,,-23.14
,,,,-23.71
,,,,-25.24
,,,,-23.96
,,,,-23
,,,,-21.49
,,,,-25.07
,,,,-23.05
,,,,-24.21
,,,,-24.97
,,,,-22.26
,,,,-23.29
,,,,-22.31
,,,,-20.1
,,,,-26.07
,,,,-22.31
,,,,-22.62
,,,,-24.13
,,,,-17.08
,,,,-23.39
,,,,-18.82
,,,,-22.4
,,,,-24.02
,,,,-25.1
,,,,-22.65
,,,,-26.17
,,,,-23.43
,,,,-23.63
,,,,-23.55
,,,,-22.96
,,,,-21.06
,,,,-21.74
,,,,-22.84
,,,,-24.18
,,,,-23.05
,,,,-24.44
,,,,-25.1
,,,,-25.14
,,,,-23.96
,,,,-24.75
,,,,-19.88
,,,,-22.45
,,,,-24.9
,,,,-23.92
,,,,-17.08
,,,,-23.24
,,,,-20.07
,,,,-26.07
,,,,-24
,,,,-22.31
,,,,-23.43
,,,,-20.93
,,,,-24.18
,,,,-26.13
,,,,-23.65
,,,,-23.58
,,,,-22.31
,,,,-22.94
,,,,-25.1
,,,,-22.77
,,,,-18.72
,,,,-23.51
,,,,-22.88
,,,,-22.56
,,,,-24.11
,,,,-23.02
,,,,-21.61
,,,,-22.34
,,,,-22.13
,,,,-24.86
,,,,-23.88
,,,,-24.75
,,,,-23.24
,,,,-22.49
,,,,-16.98
,,,,-20.86
,,,,-23.8
,,,,-24.95
,,,,-24.26
,,,,-23.8
,,,,-23.37
,,,,-18.33
,,,,-17.15
,,,,-20.01
,,,,-25.96
,,,,-19.78
,,,,-21.55
,,,,-26.04
,,,,-22.03
,,,,-22.74
,,,,-23.01
,,,,-22.85
,,,,-23.9
,,,,-23.51
,,,,-22.99
,,,,-23.68
,,,,-24.95
,,,,-22.27
,,,,-20.63
,,,,-24.18
,,,,-23.75
,,,,-21.61
,,,,-23.01
,,,,-18.57
,,,,-22.52
,,,,-21.15
,,,,-24.83
,,,,-16.94
,,,,-23.28
,,,,-23.52
,,,,-22.13
,,,,-24.75
,,,,-23.6
,,,,-24.08
,,,,-20.82
,,,,-23.06
,,,,-25.94
,,,,-22.72
,,,,-24.95
,,,,-22.64
,,,,-23.88
,,,,-19.99
,,,,-25.92
,,,,-21.96
,,,,-22.93
,,,,-21.92
,,,,-19.57
,,,,-22.92
,,,,-22.06
,,,,-23.36
,,,,-19.72
,,,,-23.14
,,,,-22.47
,,,,-23.75
,,,,-24.95
,,,,-22.59
,,,,-16.91
,,,,-24.95
,,,,-23.14
,,,,-23.43
,,,,-24.79
,,,,-21.49
,,,,-22.12
,,,,-17.07
,,,,-23.8
,,,,-25.87
,,,,-24.09
,,,,-22.72
,,,,-22.49
,,,,-22.31
,,,,-24.66
,,,,-24
,,,,-22.78
,,,,-23.39
,,,,-23.37
,,,,-18.72
,,,,-18.49
,,,,-21.82
,,,,-19.99
,,,,-22.79
,,,,-25.89
,,,,-16.8
,,,,-24.95
,,,,-23.33
,,,,-19.53
,,,,-23.75
,,,,-22.74
,,,,-22.49
,,,,-23.13
,,,,-22.1
,,,,-23.07
,,,,-16.91
,,,,-17.79
,,,,-23.35
,,,,-20.76
,,,,-24.75
,,,,-21.96
,,,,-23.77
,,,,-21.88
,,,,-25.76
,,,,-24.95
,,,,-22.65
,,,,-22.28
,,,,-18.26
,,,,-22.4
,,,,-23.7
,,,,-21.46
,,,,-23.78
,,,,-22.72
,,,,-29.29
,,,,-22.08
,,,,-22.79
,,,,-24.66
,,,,-21.65
,,,,-23.33
,,,,-22.15
,,,,-23.88
,,,,-23.61
,,,,-23.12
,,,,-19.99
,,,,-25.82
,,,,-22.49
,,,,-23.29
,,,,-23.01
,,,,-21.51
,,,,-19.36
,,,,-24.77
,,,,-23.24
,,,,-22.92
,,,,-16.84
,,,,-24.3
,,,,-18.47
,,,,-23.66
,,,,-25.72
,,,,-18.23
,,,,-22.24
,,,,-22.65
,,,,-24.68
,,,,-23.76
,,,,-16.29
,,,,-22.04
,,,,-22.76
,,,,-22.7
,,,,-21
,,,,-21.35
,,,,-24.6
,,,,-23.52
,,,,-22.37
,,,,-21.43
,,,,-22.96
,,,,-21.66
,,,,-21.95
,,,,-23.27
,,,,-23.18
,,,,-24.46
,,,,-20.45
,,,,-23.15
,,,,-22.08
,,,,-19.95
,,,,-25.77
,,,,-23.85
,,,,-22.59
,,,,-19.36
,,,,-22.78
,,,,-22.2
,,,,-16.84
,,,,-22.97
,,,,-17.37
,,,,-23.6
,,,,-25.65
,,,,-21.63
,,,,-24.6
,,,,-22.08
,,,,-22.57
,,,,-17.76
,,,,-23.76
,,,,-23.07
,,,,-22.73
,,,,-24.55
,,,,-21.33
,,,,-22.31
,,,,-23.52
,,,,-22.32
,,,,-24.3
,,,,-23.01
,,,,-22.89
,,,,-22.95
,,,,-23.22
,,,,-21.82
,,,,-24.6
,,,,-18.37
,,,,-23.11
,,,,-22.71
,,,,-21.91
,,,,-19.36
,,,,-21.29
,,,,-16.47
,,,,-16.81
,,,,-16.1
,,,,-19.95
,,,,-25.64
,,,,-25.58
,,,,-24.46
,,,,-23.7
,,,,-22.01
,,,,-23.54
,,,,-21.62
,,,,-21.3
,,,,-22.81
,,,,-22.08
,,,,-23.76
,,,,-22.54
,,,,-26.3
,,,,-22.57
,,,,-22.25
,,,,-21.23
,,,,-22.09
,,,,-20.76
,,,,-23.27
,,,,-24.42
,,,,-22.06
,,,,-24.43
,,,,-22.21
,,,,-22.82
,,,,-23.44
,,,,-23.12
,,,,-22.55
,,,,-16.12
,,,,-16.72
,,,,-19.25
,,,,-22.47
,,,,-20.95
,,,,-25.34
,,,,-16.81
,,,,-23.05
,,,,-24.12
,,,,-21.78
,,,,-23.33
,,,,-21.81
,,,,-23.71
,,,,-22.04
,,,,-24.42
,,,,-23.66
,,,,-19.91
,,,,-25.55
,,,,-20.28
,,,,-21.72
,,,,-21.46
,,,,-21.17
,,,,-22.08
,,,,-24.32
,,,,-28.84
,,,,-22.96
,,,,-20.9
,,,,-17.72
,,,,-22.44
,,,,-22.54
,,,,-21.54
,,,,-15.87
,,,,-23.11
,,,,-22.81
,,,,-22.79
,,,,-21.97
,,,,-18.2
,,,,-15.99
,,,,-23.04
,,,,-24.39
,,,,-24.42
,,,,-25.18
,,,,-19.21
,,,,-22.67
,,,,-23.66
,,,,-22.38
,,,,-22.07
,,,,-21.08
,,,,-16.81
,,,,-23.31
,,,,-22.18
,,,,-22.04
,,,,-22.96
,,,,-22.05
,,,,-21.74
,,,,-22.9
,,,,-22.5
,,,,-21.78
,,,,-23.12
,,,,-20.83
,,,,-23.77
,,,,-21.54
,,,,-19.91
,,,,-22.54
,,,,-25.4
,,,,-22.71
,,,,-22.4
,,,,-23.11
,,,,-24.42
,,,,-21.1
,,,,-21.44
,,,,-24.29
,,,,-15.44
,,,,-22.71
,,,,-15.77
,,,,-21.97
,,,,-25.04
,,,,-23.66
,,,,-22.72
,,,,-20.74
,,,,-19.15
,,,,-22.96
,,,,-20.95
,,,,-23.18
,,,,-22.15
,,,,-24.34
,,,,-22
,,,,-21.97
,,,,-23.22
,,,,-16.81
,,,,-24.42
,,,,-20.78
,,,,-20.15
,,,,-17.67
,,,,-23.09
,,,,-21.69
,,,,-22.68
,,,,-22.9
,,,,-21.71
,,,,-22.5
,,,,-22.13
,,,,-23.62
,,,,-23.02
,,,,-21.25
,,,,-21.75
,,,,-21.47
,,,,-22.37
,,,,-22.4
,,,,-19.83
,,,,-25.26
,,,,-23.63
,,,,-25.79
,,,,-15.32
,,,,-22.45
,,,,-24.89
,,,,-21.03
,,,,-19.15
,,,,-17.94
,,,,-24.42
,,,,-22.69
,,,,-22.71
,,,,-21.72
,,,,-21.36
,,,,-15.68
,,,,-21.96
,,,,-21.05
,,,,-20.58
,,,,-24.26
,,,,-21.96
,,,,-27.56
,,,,-21.91
,,,,-23.22
,,,,-22.53
,,,,-22.72
,,,,-16.74
,,,,-16.6
,,,,-23.01
,,,,-21.58
,,,,-24.31
,,,,-23.57
,,,,-22.41
,,,,-22.86
,,,,-23.62
,,,,-21.52
,,,,-22.83
,,,,-22.89
,,,,-24.27
,,,,-22.12
,,,,-24.85
,,,,-20.95
,,,,-21.47
,,,,-15.32
,,,,-19.12
,,,,-20.64
,,,,-22.26
,,,,-22.81
,,,,-22.25
,,,,-20.07
,,,,-19.76
,,,,-25.2
,,,,-22.69
,,,,-22.52
,,,,-20.31
,,,,-21.95
,,,,-17.67
,,,,-21.61
,,,,-21.53
,,,,-21.82
,,,,-15.64
,,,,-22.46
,,,,-21.32
,,,,-20.94
,,,,-22.38
,,,,-23.37
,,,,-24.27
,,,,-22.89
,,,,-21.65
,,,,-21.54
,,,,-22.96
,,,,-16.74
,,,,-23.44
,,,,-22.38
,,,,-22.72
,,,,-21.03
,,,,-24.19
,,,,-24.68
,,,,-22.4
,,,,-22.82
,,,,-19.12
,,,,-21.52
,,,,-21.99
,,,,-14.9
,,,,-24.28
,,,,-22.76
,,,,-21.39
,,,,-20.24
,,,,-25.52
,,,,-21.91
,,,,-22.44
,,,,-22.19
,,,,-21.91
,,,,-24.27
,,,,-22.68
,,,,-23.33
,,,,-17.67
,,,,-21.15
,,,,-22.4
,,,,-21.76
,,,,-19.69
,,,,-25.11
,,,,-20.9
,,,,-15.48
,,,,-22.85
,,,,-21.48
,,,,-21.49
,,,,-20.51
,,,,-22.69
,,,,-22.79
,,,,-21.22
,,,,-23.25
,,,,-27.01
,,,,-19.72
,,,,-22.89
,,,,-24.68
,,,,-21.36
,,,,-19.08
,,,,-22.3
,,,,-16.71
,,,,-20.92
,,,,-24.23
,,,,-21.55
,,,,-22.19
,,,,-24.27
,,,,-17.46
,,,,-22.78
,,,,-21.75
,,,,-19.93
,,,,-22.57
,,,,-14.02
,,,,-21.5
,,,,-23.2
,,,,-21.85
,,,,-22.2
,,,,-21.39
,,,,-22.45
,,,,-22.22
,,,,-24.12
,,,,-22.66
,,,,-20.93
,,,,-21.87
,,,,-24.12
,,,,-21.96
,,,,-21.61
,,,,-16.29
,,,,-21.49
,,,,-23.25
,,,,-15.15
,,,,-22.75
,,,,-19.01
,,,,-24.27
,,,,-24.63
,,,,-21.45
,,,,-19.65
,,,,-25.06
,,,,-21.12
,,,,-20.78
,,,,-23.13
,,,,-22.14
,,,,-19.37
,,,,-24.97
,,,,-22.32
,,,,-21.71
,,,,-22.13
,,,,-22.78
,,,,-21.21
,,,,-20.41
,,,,-16.68
,,,,-19.65
,,,,-22.12
,,,,-20.9
,,,,-22.03
,,,,-21.73
,,,,-22.71
,,,,-12.87
,,,,-21.99
,,,,-22.52
,,,,-21.46
,,,,-23.25
,,,,-21.35
,,,,-21.4
,,,,-21.41
,,,,-22.17
,,,,-22.59
,,,,-24.27
,,,,-21.73
,,,,-21.58
,,,,-14.95
,,,,-22.71
,,,,-18.96
,,,,-17.46
,,,,-26.86
,,,,-23.1
,,,,-24.54
,,,,-16.88
,,,,-21.78
,,,,-19.27
,,,,-24.05
,,,,-21.67
,,,,-22.03
,,,,-23.62
,,,,-20.71
,,,,-21.06
,,,,-22.01
,,,,-21.11
,,,,-22.03
,,,,-21.68
,,,,-20.67
,,,,-19.59
,,,,-21.96
,,,,-24.98
,,,,-21.96
,,,,-23.25
,,,,-20.78
,,,,-22.1
,,,,-24.13
,,,,-22.24
,,,,-12.76
,,,,-16.68
,,,,-20.84
,,,,-21.4
,,,,-21.21
,,,,-22.68
,,,,-19.36
,,,,-20.39
,,,,-22.5
,,,,-22.74
,,,,-21.43
,,,,-23.1
,,,,-24.94
,,,,-18.96
,,,,-21.32
,,,,-22.71
,,,,-14.95
,,,,-21.59
,,,,-22.55
,,,,-21.45
,,,,-24.46
,,,,-18.21
,,,,-22.1
,,,,-21.61
,,,,-21.96
,,,,-22.95
,,,,-23.92
,,,,-21.23
,,,,-24.13
,,,,-21.72
,,,,-21.55
,,,,-16.14
,,,,-21.66
,,,,-20.86
,,,,-22.93
,,,,-21.37
,,,,-17.42
,,,,-22.03
,,,,-21.93
,,,,-20.13
,,,,-22.03
,,,,-22.02
,,,,-18.96
,,,,-20.78
,,,,-26.64
,,,,-20.84
,,,,-24
,,,,-22.5
,,,,-12.54
,,,,-22.44
,,,,-22.63
,,,,-14.9
,,,,-21.39
,,,,-19.19
,,,,-20.3
,,,,-22.57
,,,,-19.55
,,,,-24.98
,,,,-16.6
,,,,-17.8
,,,,-21.53
,,,,-23.59
,,,,-21.01
,,,,-24.42
,,,,-21.44
,,,,-21.18
,,,,-22.95
,,,,-20.48
,,,,-21.95
,,,,-22.37
,,,,-21.45
,,,,-23.75
,,,,-24.67
,,,,-22.87
,,,,-21.85
,,,,-21.94
,,,,-21.27
,,,,-21.59
,,,,-21.53
,,,,-21.97
,,,,-18.96
,,,,-20.2
,,,,-22.95
,,,,-14.78
,,,,-21.97
,,,,-22.31
,,,,-21.44
,,,,-16.55
,,,,-22.45
,,,,-20.5
,,,,-17.25
,,,,-21.46
,,,,-21.66
,,,,-21.89
,,,,-20.73
,,,,-23.75
,,,,-24.33
,,,,-22.51
,,,,-21.47
,,,,-20.67
,,,,-11.61
,,,,-19.85
,,,,-20.28
,,,,-22.84
,,,,-21.75
,,,,-19.13
,,,,-21.3
,,,,-17.39
,,,,-22.53
,,,,-21.14
,,,,-21.21
,,,,-16.6
,,,,-22.37
,,,,-21.45
,,,,-24.31
,,,,-19.47
,,,,-24.92
,,,,-19.77
,,,,-23.78
,,,,-26.15
,,,,-21.5
,,,,-22.95
,,,,-21.93
,,,,-18.89
,,,,-21.51
,,,,-21.37
,,,,-22.43
,,,,-20.54
,,,,-21.9
,,,,-21.75
,,,,-14.76
,,,,-23.56
,,,,-15.46
,,,,-22.07
,,,,-23.59
,,,,-22.7
,,,,-20.34
,,,,-21.65
,,,,-19.92
,,,,-22.27
,,,,-20.48
,,,,-21.68
,,,,-15.97
,,,,-24.26
,,,,-22.51
,,,,-21.44
,,,,-21.19
,,,,-20.61
,,,,-20.22
,,,,-21.6
,,,,-19.11
,,,,-22.95
,,,,-21.28
,,,,-11.57
,,,,-21.15
,,,,-20.93
,,,,-21.93
,,,,-21.33
,,,,-21.35
,,,,-21.58
,,,,-22.3
,,,,-19.74
,,,,-18.86
,,,,-24.22
,,,,-21.42
,,,,-22.35
,,,,-21.17
,,,,-22.66
,,,,-21.46
,,,,-23.59
,,,,-14.73
,,,,-16.54
,,,,-17.34
,,,,-20.55
,,,,-15.43
,,,,-22
,,,,-21.54
,,,,-19.6
,,,,-22.95
,,,,-21.15
,,,,-22.24
,,,,-19.41
,,,,-24.79
,,,,-20.42
,,,,-26.1
,,,,-22.43
,,,,-18.81
,,,,-24.22
,,,,-21.39
,,,,-21.52
,,,,-23.5
,,,,-20.22
,,,,-20.57
,,,,-21.29
,,,,-19.07
,,,,-21.53
,,,,-21.83
,,,,-21.08
,,,,-18.82
,,,,-22.6
,,,,-22.36
,,,,-21.39
,,,,-21.28
,,,,-21.29
,,,,-24.18
,,,,-23.59
,,,,-22.8
,,,,-14.6
,,,,-20.84
,,,,-11.5
,,,,-14.74
,,,,-23.53
,,,,-21.09
,,,,-21.98
,,,,-21.38
,,,,-21.31
,,,,-22.14
,,,,-21
,,,,-20.18
,,,,-22.3
,,,,-21.52
,,,,-21.13
,,,,-22.16
,,,,-19.69
,,,,-20.32
,,,,-21.27
,,,,-15.92
,,,,-22.41
,,,,-21.14
,,,,-21.01
,,,,-21.76
,,,,-16.54
,,,,-20.22
,,,,-23.84
,,,,-22.55
,,,,-22.62
,,,,-17.32
,,,,-20.47
,,,,-16.94
,,,,-18.73
,,,,-19.04
,,,,-15.78
,,,,-18.98
,,,,-23.59
,,,,-21.53
,,,,-20.34
,,,,-14.6
,,,,-26.06
,,,,-21.26
,,,,-21.04
,,,,-24.18
,,,,-21.26
,,,,-19.41
,,,,-24.69
,,,,-14.49
,,,,-19.88
,,,,-21.15
,,,,-21.22
,,,,-21.95
,,,,-21.33
,,,,-22.23
,,,,-20.67
,,,,-22.41
,,,,-22.62
,,,,-20.95
,,,,-21.3
,,,,-20.24
,,,,-22.02
,,,,-22.55
,,,,-21.71
,,,,-23.18
,,,,-21.38
,,,,-11.28
,,,,-22.14
,,,,-20.19
,,,,-20.87
,,,,-18.66
,,,,-22.3
,,,,-23.84
,,,,-20.45
,,,,-18.97
,,,,-21.04
,,,,-23.43
,,,,-14.6
,,,,-21.36
,,,,-21.15
,,,,-20.15
,,,,-24.16
,,,,-14.99
,,,,-19.3
,,,,-21.37
,,,,-22.48
,,,,-19.64
,,,,-20.99
,,,,-14.46
,,,,-21.25
,,,,-20.93
,,,,-16.45
,,,,-21.93
,,,,-22.33
,,,,-23.45
,,,,-22.52
,,,,-21.71
,,,,-17.29
,,,,-20.14
,,,,-20.23
,,,,-25.6
,,,,-21.99
,,,,-21.22
,,,,-21.23
,,,,-20.16
,,,,-18.88
,,,,-21.25
,,,,-20.4
,,,,-22.02
,,,,-20.49
,,,,-20.8
,,,,-21.09
,,,,-22.29
,,,,-18.66
,,,,-19.39
,,,,-21.22
,,,,-24.58
,,,,-14.5
,,,,-20.14
,,,,-23.43
,,,,-20.37
,,,,-18.93
,,,,-24.13
,,,,-21.34
,,,,-23.65
,,,,-19.59
,,,,-22.12
,,,,-20.91
,,,,-21.22
,,,,-21.7
,,,,-10.26
,,,,-22.2
,,,,-22.32
,,,,-14.32
,,,,-15.78
,,,,-13.96
,,,,-21.78
,,,,-21.12
,,,,-21.93
,,,,-22.29
,,,,-20.12
,,,,-21.07
,,,,-21.95
,,,,-19.96
,,,,-20.73
,,,,-23.15
,,,,-21.26
,,,,-19.06
,,,,-18.64
,,,,-20.1
,,,,-14.4
,,,,-20.89
,,,,-24.09
,,,,-18.76
,,,,-21.82
,,,,-21.14
,,,,-21.7
,,,,-23.43
,,,,-16.45
,,,,-18.68
,,,,-24.81
,,,,-21.25
,,,,-20.32
,,,,-22.32
,,,,-22.02
,,,,-20.89
,,,,-17.21
,,,,-20.73
,,,,-20.28
,,,,-22.29
,,,,-21.06
,,,,-23.59
,,,,-15.4
,,,,-21.07
,,,,-14.13
,,,,-21.73
,,,,-21.22
,,,,-21.3
,,,,-20.68
,,,,-19.94
,,,,-18.42
,,,,-22.01
,,,,-19.8
,,,,-21.12
,,,,-21.9
,,,,-23.1
,,,,-20.72
,,,,-13.08
,,,,-19.35
,,,,-24.46
,,,,-14.36
,,,,-24.02
,,,,-21.66
,,,,-20.11
,,,,-18.7
,,,,-22.13
,,,,-9.96
,,,,-18.64
,,,,-22.27
,,,,-22.02
,,,,-19.95
,,,,-20.07
,,,,-19.91
,,,,-21.05
,,,,-18.65
,,,,-23.43
,,,,-21.56
,,,,-21.73
,,,,-20.32
,,,,-20.64
,,,,-21.11
,,,,-21.03
,,,,-14.07
,,,,-22.13
,,,,-24.51
,,,,-19.81
,,,,-20.61
,,,,-19.68
,,,,-23.38
,,,,-21.19
,,,,-20.14
,,,,-21.56
,,,,-21.52
,,,,-23.86
,,,,-18.36
,,,,-18.68
,,,,-22.19
,,,,-21.76
,,,,-14.3
,,,,-15.43
,,,,-17.18
,,,,-19.72
,,,,-21.04
,,,,-21.98
,,,,-16.45
,,,,-20.85
,,,,-18.57
,,,,-23.15
,,,,-21.03
,,,,-21.17
,,,,-19.84
,,,,-20.61
,,,,-12.89
,,,,-18.65
,,,,-21.08
,,,,-21.89
,,,,-21.09
,,,,-22
,,,,-20.25
,,,,-23.43
,,,,-20.59
,,,,-20.48
,,,,-21.5
,,,,-19.6
,,,,-22.17
,,,,-19.72
,,,,-23.76
,,,,-18.43
,,,,-21
,,,,-18.33
,,,,-14.03
,,,,-19.23
,,,,-9.65
,,,,-21.56
,,,,-13.99
,,,,-21.91
,,,,-19.28
,,,,-21.33
,,,,-21.07
,,,,-19.35
,,,,-24.41
,,,,-22
,,,,-23.35
,,,,-21.45
,,,,-20.93
,,,,-24.3
,,,,-18.47
,,,,-20.14
,,,,-19.9
,,,,-20.57
,,,,-18.61
,,,,-20.53
,,,,-19.3
,,,,-20.32
,,,,-21.34
,,,,-20.85
,,,,-20.25
,,,,-22.73
,,,,-20.99
,,,,-22.11
,,,,-23.53
,,,,-18.9
,,,,-17.28
,,,,-19.37
,,,,-23.28
,,,,-19.79
,,,,-12.07
,,,,-21.8
,,,,-17.14
,,,,-19.66
,,,,-21.03
,,,,-21.85
,,,,-21.17
,,,,-13.89
,,,,-18.19
,,,,-13.8
,,,,-21.73
,,,,-20.61
,,,,-16.45
,,,,-21.56
,,,,-21.3
,,,,-20.7
,,,,-21.29
,,,,-20.21
,,,,-20.95
,,,,-20.5
,,,,-20.39
,,,,-22.03
,,,,-18.76
,,,,-18.21
,,,,-23.32
,,,,-21.8
,,,,-18.28
,,,,-17.27
,,,,-15.12
,,,,-20.26
,,,,-23.27
,,,,-19.03
,,,,-21.03
,,,,-19.31
,,,,-20.04
,,,,-24.07
,,,,-20.75
,,,,-22.82
,,,,-19.62
,,,,-9.56
,,,,-19.99
,,,,-21.81
,,,,-20.77
,,,,-23.28
,,,,-13.87
,,,,-17.27
,,,,-21.27
,,,,-20.87
,,,,-18.59
,,,,-20.17
,,,,-21.36
,,,,-21.62
,,,,-15.24
,,,,-22.03
,,,,-21.27
,,,,-11.82
,,,,-20.24
,,,,-23.23
,,,,-20.34
,,,,-13.76
,,,,-21.48
,,,,-19.23
,,,,-24.36
,,,,-17.17
,,,,-18.24
,,,,-19.29
,,,,-18.14
,,,,-17.09
,,,,-19.88
,,,,-19.88
,,,,-21.17
,,,,-18.81
,,,,-18.59
,,,,-21.25
,,,,-19.58
,,,,-21.62
,,,,-20.79
,,,,-21.56
,,,,-21.63
,,,,-21.98
,,,,-20.03
,,,,-13.82
,,,,-20.73
,,,,-22.63
,,,,-23.1
,,,,-20.49
,,,,-20.7
,,,,-17.62
,,,,-20.03
,,,,-21.01
,,,,-23.03
,,,,-20.22
,,,,-17.13
,,,,-23.12
,,,,-16.29
,,,,-21.24
,,,,-20.74
,,,,-20.68
,,,,-19.14
,,,,-18.59
,,,,-22.56
,,,,-21.62
,,,,-19.79
,,,,-21.31
,,,,-13.72
,,,,-18.14
,,,,-21.18
,,,,-20.77
,,,,-18.07
,,,,-21.92
,,,,-11.51
,,,,-19.7
,,,,-18.14
,,,,-20
,,,,-19.51
,,,,-22.92
,,,,-21.63
,,,,-18.6
,,,,-9.44
,,,,-13.8
,,,,-19.2
,,,,-20
,,,,-17.07
,,,,-18.39
,,,,-20.15
,,,,-14.95
,,,,-21.47
,,,,-20.94
,,,,-19.11
,,,,-21.18
,,,,-20.69
,,,,-17.2
,,,,-21.9
,,,,-21.24
,,,,-17.05
,,,,-22.36
,,,,-23.12
,,,,-20.98
,,,,-22.82
,,,,-18.05
,,,,-22.88
,,,,-22.97
,,,,-19.58
,,,,-21.54
,,,,-18.25
,,,,-19.23
,,,,-24.35
,,,,-21.31
,,,,-19.92
,,,,-20.8
,,,,-16.99
,,,,-13.63
,,,,-19.24
,,,,-21.6
,,,,-19.56
,,,,-21.47
,,,,-20.59
,,,,-13.79
,,,,-18.04
,,,,-20.11
,,,,-20.51
,,,,-20.5
,,,,-18.59
,,,,-21.12
,,,,-19.86
,,,,-19.93
,,,,-20.49
,,,,-21.64
,,,,-19.73
,,,,-19.03
,,,,-20.68
,,,,-11.26
,,,,-18.25
,,,,-22.62
,,,,-17.41
,,,,-19.34
,,,,-21.47
,,,,-19.84
,,,,-21.03
,,,,-16.21
,,,,-18.05
,,,,-16.97
,,,,-18.94
,,,,-20.42
,,,,-21.45
,,,,-21.08
,,,,-19.43
,,,,-21.51
,,,,-18.25
,,,,-23.12
,,,,-13.66
,,,,-19.96
,,,,-21.27
,,,,-22.64
,,,,-18.44
,,,,-22.54
,,,,-18.99
,,,,-21.81
,,,,-13.63
,,,,-9.03
,,,,-21.32
,,,,-18.04
,,,,-19.72
,,,,-18.04
,,,,-19.23
,,,,-17.05
,,,,-20.46
,,,,-16.94
,,,,-18.75
,,,,-20.9
,,,,-18.25
,,,,-20.42
,,,,-18.54
,,,,-20.42
,,,,-21.08
,,,,-21.38
,,,,-21.47
,,,,-17.91
,,,,-22.56
,,,,-21.01
,,,,-14.77
,,,,-17.18
,,,,-20.36
,,,,-22.44
,,,,-18.92
,,,,-21.32
,,,,-21.25
,,,,-10.94
,,,,-19.33
,,,,-19.84
,,,,-16.98
,,,,-19.2
,,,,-13.64
,,,,-18.99
,,,,-19.65
,,,,-18.07
,,,,-19.09
,,,,-16.89
,,,,-19.17
,,,,-20.49
,,,,-23.78
,,,,-21.27
,,,,-19.39
,,,,-20.05
,,,,-20.94
,,,,-21.45
,,,,-22.91
,,,,-17.94
,,,,-22.25
,,,,-13.6
,,,,-17.38
,,,,-21.13
,,,,-22.4
,,,,-17.91
,,,,-22.58
,,,,-17.5
,,,,-19.37
,,,,-19.7
,,,,-20.42
,,,,-21.27
,,,,-20.88
,,,,-14.34
,,,,-18.92
,,,,-18.43
,,,,-19.73
,,,,-17.15
,,,,-21.16
,,,,-20.46
,,,,-13.61
,,,,-16.89
,,,,-16.17
,,,,-19.05
,,,,-19.16
,,,,-21.04
,,,,-20.05
,,,,-20.94
,,,,-17.77
,,,,-21.13
,,,,-22.37
,,,,-16.85
,,,,-20.35
,,,,-19.31
,,,,-8.83
,,,,-20.83
,,,,-10.91
,,,,-21.08
,,,,-19.71
,,,,-20.82
,,,,-17.59
,,,,-18.72
,,,,-17.45
,,,,-16.79
,,,,-18.17
,,,,-17.84
,,,,-21.03
,,,,-18.52
,,,,-16.83
,,,,-20.93
,,,,-19.95
,,,,-19.6
,,,,-18.78
,,,,-22.91
,,,,-20.97
,,,,-13.6
,,,,-19.03
,,,,-21.79
,,,,-20.88
,,,,-22.36
,,,,-21.16
,,,,-13.61
,,,,-19.09
,,,,-19.16
,,,,-17.27
,,,,-14.62
,,,,-18.54
,,,,-21.09
,,,,-20.73
,,,,-20.97
,,,,-20.9
,,,,-20.21
,,,,-19.95
,,,,-16.8
,,,,-18.13
,,,,-19.08
,,,,-20.3
,,,,-22.36
,,,,-19.05
,,,,-16.78
,,,,-17.08
,,,,-17.39
,,,,-19
,,,,-19.56
,,,,-18.57
,,,,-20.9
,,,,-16.54
,,,,-19.11
,,,,-23.72
,,,,-20.84
,,,,-17.82
,,,,-21.12
,,,,-13.35
,,,,-20.7
,,,,-20.31
,,,,-19.16
,,,,-22.11
,,,,-9.77
,,,,-20.82
,,,,-16.55
,,,,-16.8
,,,,-20.7
,,,,-17.14
,,,,-13.6
,,,,-19.88
,,,,-18.91
,,,,-21.72
,,,,-16.8
,,,,-22.11
,,,,-17.28
,,,,-22.91
,,,,-19.2
,,,,-17.85
,,,,-19.5
,,,,-16.98
,,,,-18.43
,,,,-18.6
,,,,-16.13
,,,,-20.77
,,,,-16.55
,,,,-17.22
,,,,-19.42
,,,,-20.74
,,,,-20.61
,,,,-18.51
,,,,-20.67
,,,,-18.84
,,,,-22.3
,,,,-20.7
,,,,-8.09
,,,,-22.11
,,,,-19.61
,,,,-13.33
,,,,-16.77
,,,,-20.99
,,,,-20.9
,,,,-16.39
,,,,-20.72
,,,,-16.31
,,,,-19.03
,,,,-20.87
,,,,-18.41
,,,,-17.18
,,,,-19.61
,,,,-17.78
,,,,-18.47
,,,,-20.39
,,,,-18.53
,,,,-20.67
,,,,-16.27
,,,,-21.85
,,,,-20.66
,,,,-21.23
,,,,-19.42
,,,,-13.56
,,,,-17.02
,,,,-19.46
,,,,-18.49
,,,,-16.72
,,,,-9.67
,,,,-19.28
,,,,-14.42
,,,,-22.75
,,,,-18.82
,,,,-19.86
,,,,-16.09
,,,,-18.39
,,,,-13.26
,,,,-19.99
,,,,-17.09
,,,,-20.49
,,,,-20.93
,,,,-15.95
,,,,-18.92
,,,,-18.44
,,,,-20.72
,,,,-17.19
,,,,-19.19
,,,,-21.69
,,,,-20.66
,,,,-16.31
,,,,-17.55
,,,,-19.46
,,,,-15.89
,,,,-16.63
,,,,-16.49
,,,,-20.5
,,,,-18.29
,,,,-17.62
,,,,-19.29
,,,,-16.83
,,,,-19.89
,,,,-17.28
,,,,-20.34
,,,,-20.77
,,,,-18.95
,,,,-23.23
,,,,-20.8
,,,,-20.63
,,,,-15.89
,,,,-16.47
,,,,-21.69
,,,,-19.2
,,,,-19.85
,,,,-20.66
,,,,-16.22
,,,,-18.22
,,,,-13.13
,,,,-13.46
,,,,-17.7
,,,,-19.46
,,,,-19.07
,,,,-16.75
,,,,-18.87
,,,,-20.86
,,,,-16.63
,,,,-15.69
,,,,-15.71
,,,,-20.24
,,,,-18.5
,,,,-19.16
,,,,-17.67
,,,,-8.75
,,,,-22.25
,,,,-21.53
,,,,-15.91
,,,,-7.46
,,,,-18.94
,,,,-16.68
,,,,-17.38
,,,,-16.31
,,,,-17.26
,,,,-20.49
,,,,-15.57
,,,,-15.79
,,,,-19.42
,,,,-22.11
,,,,-20.5
,,,,-17.87
,,,,-18.57
,,,,-16.98
,,,,-16.56
,,,,-16.61
,,,,-17.86
,,,,-18.97
,,,,-12.73
,,,,-15.42
,,,,-15.83
,,,,-21.23
,,,,-19
,,,,-17.28
,,,,-18.8
,,,,-17.3
,,,,-19.15
,,,,-20.7
,,,,-17.53
,,,,-16.93
,,,,-20.3
,,,,-21.39
,,,,-14.24
,,,,-20.24
,,,,-14.42
,,,,-16.02
,,,,-18.56
,,,,-15.22
,,,,-13.38
,,,,-19.22
,,,,-17.49
,,,,-16.68
,,,,-19.58
,,,,-16.58
,,,,-18.81
,,,,-16.59
,,,,-17.15
,,,,-17.26
,,,,-18.3
,,,,-21.12
,,,,-15.8
,,,,-14.75
,,,,-19.86
,,,,-19.94
,,,,-18.83
,,,,-12.66
,,,,-22.25
,,,,-8.19
,,,,-16.8
,,,,-17.47
,,,,-18.19
,,,,-18.69
,,,,-19.08
,,,,-16.95
,,,,-15.21
,,,,-18.65
,,,,-14.75
,,,,-20.94
,,,,-16.77
,,,,-16.45
,,,,-20.54
,,,,-18.56
,,,,-20.11
,,,,-14.92
,,,,-15.74
,,,,-16.62
,,,,-16.27
,,,,-16.09
,,,,-17.47
,,,,-14.75
,,,,-19.51
,,,,-18.92
,,,,-22.94
,,,,-17.09
,,,,-18.5
,,,,-18.65
,,,,-14.77
,,,,-19.06
,,,,-20.91
,,,,-15.57
,,,,-13.32
,,,,-16.72
,,,,-14.82
,,,,-18.91
,,,,-14.03
,,,,-16.44
,,,,-12.43
,,,,-15.52
,,,,-16.03
,,,,-14.74
,,,,-15.83
,,,,-15.95
,,,,-18.61
,,,,-7.22
,,,,-14.79
,,,,-18.68
,,,,-16.55
,,,,-16.96
,,,,-17.37
,,,,-12.82
,,,,-13.86
,,,,-20.51
,,,,-16.47
,,,,-17.41
,,,,-16.01
,,,,-18.45
,,,,-20.68
,,,,-16.83
,,,,-16.85
,,,,-15.76
,,,,-19.68
,,,,-18.89
,,,,-16.39
,,,,-17.45
,,,,-13.55
,,,,-21.91
,,,,-13.65
,,,,-14.86
,,,,-8.12
,,,,-17.39
,,,,-16.43
,,,,-14.07
,,,,-18.29
,,,,-15.69
,,,,-12.37
,,,,-20.5
,,,,-13.55
,,,,-16.63
,,,,-14.59
,,,,-15.56
,,,,-18.35
,,,,-19.02
,,,,-18.85
,,,,-18.19
,,,,-16.81
,,,,-16.27
,,,,-16.06
,,,,-15.84
,,,,-13.13
,,,,-13.4
,,,,-15.67
,,,,-16.23
,,,,-20.32
,,,,-13.56
,,,,-18.22
,,,,-20.46
,,,,-19.65
,,,,-15.69
,,,,-21.26
,,,,-13.4
,,,,-17.09
,,,,-16.31
,,,,-15.88
,,,,-16.52
,,,,-15.52
,,,,-14.12
,,,,-18.71
,,,,-14.88
,,,,-11.86
,,,,-13.8
,,,,-12.34
,,,,-15.77
,,,,-21.11
,,,,-16.14
,,,,-18.22
,,,,-13.2
,,,,-20.2
,,,,-17.34
,,,,-16.65
,,,,-16.72
,,,,-17.91
,,,,-17.1
,,,,-13.53
,,,,-15.99
,,,,-15.54
,,,,-14.87
,,,,-15.41
,,,,-15.41
,,,,-20.69
,,,,-13.02
,,,,-6.34
,,,,-16.11
,,,,-18.37
,,,,-19.96
,,,,-14.95
,,,,-15.47
,,,,-15.44
,,,,-19.57
,,,,-13.82
,,,,-20.17
,,,,-15.32
,,,,-18.15
,,,,-19.49
,,,,-12.86
,,,,-14.45
,,,,-16.73
,,,,-11.98
,,,,-12.96
,,,,-13.96
,,,,-14.08
,,,,-14.75
,,,,-11.49
,,,,-6.84
,,,,-12.73
,,,,-18.05
,,,,-12.56
,,,,-12.72
,,,,-15.24
,,,,-15.26
,,,,-14.3
,,,,-15.83
,,,,-16.31
,,,,-15.72
,,,,-15.01
,,,,-18
,,,,-19.46
,,,,-16.11
,,,,-13.23
,,,,-13.93
,,,,-10.12
,,,,-15.85
,,,,-12.55
,,,,-15.73
,,,,-15.3
,,,,-16.13
,,,,-13.66
,,,,-13.91
,,,,-16.42
,,,,-14.85
,,,,-19.87
,,,,-12.57
,,,,-14.01
,,,,-12.4
,,,,-18.63
,,,,-18.37
,,,,-15.12
,,,,-13.97
,,,,-16.1
,,,,-12.04
,,,,-13.14
,,,,-11.38
,,,,-14.35
,,,,-13.67
,,,,-16.98
,,,,-16.95
,,,,-15.16
,,,,-13.52
,,,,-15.02
,,,,-12.4
,,,,-15.69
,,,,-13.94
,,,,-13.59
,,,,-20.69
,,,,-6.34
,,,,-13.39
,,,,-13.13
,,,,-17.72
,,,,-14.2
,,,,-12.71
,,,,-12.24
,,,,-10.24
,,,,-15.71
,,,,-15.77
,,,,-15.84
,,,,-13.65
,,,,-14.48
,,,,-12.56
,,,,-12.24
,,,,-11.91
,,,,-12.93
,,,,-14.18
,,,,-16.69
,,,,-12.96
,,,,-16.28
,,,,-16.45
,,,,-11.24
,,,,-16.86
,,,,-15.13
,,,,-12.08
,,,,-15.44
,,,,-8.18
,,,,-13.09
,,,,-12.83
,,,,-10.1
,,,,-15.66
,,,,-13.59
,,,,-9.66
,,,,-12.08
,,,,-8.03
,,,,-12.8
,,,,-8.18
,,,,-11.76
,,,,-11.92
,,,,-20.96
,,,,-24.08